d-d-t,r-r-t,decay-factor,Year,HumanAnnualDLCases,HumanAnnualDogSerovarInc/10K,prop-rc-dscases,HumanAnnualRLCases,HumanAnnualRodentSerovarInc/10K,prop-dc-rscases,DogAnnualDLCases,DogAnnualRLCases,RodentAnnualRLCases,RodentAnnualDLCases,averageannODN,averageannSDN,averageDN,averageannRN,iteration
0.01,0.01,0.95,3,0,0,0.738,3,41,0.023,23,43,3194,94,93,71,164,1457,1
0.01,0.01,0.95,4,0,0,0.537,1,14,0.004,21,25,3319,67,100,65,165,1442,1
0.01,0.01,0.95,5,0,0,0.513,2,27,0.004,35,18,3142,114,103,65,168,1471,1
0.01,0.01,0.95,6,0,0,0.826,0,0,0.006,33,39,3193,155,93,65,158,1433,1
0.01,0.01,0.95,7,0,0,0.898,2,27,0.009,20,19,3573,266,94,63,157,1447,1
0.01,0.01,0.95,3,0,0,0,0,0,0.011,0,22,2787,0,68,79,147,1430,2
0.01,0.01,0.95,4,0,0,0,0,0,0.01,0,30,2746,0,67,81,148,1453,2
0.01,0.01,0.95,5,0,0,0,0,0,0.008,0,27,2887,0,61,88,149,1439,2
0.01,0.01,0.95,6,0,0,0,0,0,0.005,0,17,3593,0,58,93,151,1442,2
0.01,0.01,0.95,7,0,0,0,0,0,0.007,0,18,3692,0,52,98,150,1444,2
0.01,0.01,0.95,3,0,0,0.482,0,0,0.004,24,26,2453,79,81,111,192,1377,3
0.01,0.01,0.95,4,0,0,0.894,0,0,0.009,28,18,2334,176,80,108,188,1385,3
0.01,0.01,0.95,5,0,0,0.998,1,13,0.033,10,44,2158,74,84,107,191,1400,3
0.01,0.01,0.95,6,0,0,1,0,0,0.017,1,43,2075,8,77,116,193,1375,3
0.01,0.01,0.95,7,0,0,0,0,0,0.012,0,27,2003,0,79,110,189,1380,3
0.01,0.01,0.95,3,0,0,0.602,7,98,0.015,10,35,3122,47,57,96,153,1407,4
0.01,0.01,0.95,4,0,0,0.999,5,71,0.005,2,17,3180,29,56,95,151,1397,4
0.01,0.01,0.95,5,0,0,0.999,12,172,0.007,3,28,3346,24,56,103,159,1410,4
0.01,0.01,0.95,6,0,0,0.752,4,59,0.002,4,21,3161,52,50,101,151,1423,4
0.01,0.01,0.95,7,0,0,1,7,104,0.002,2,19,3359,8,51,105,156,1389,4
0.01,0.01,0.95,3,0,0,0.724,0,0,0.01,13,32,3671,82,105,91,196,1440,5
0.01,0.01,0.95,4,0,0,0.628,0,0,0.014,22,47,3594,102,105,97,202,1440,5
0.01,0.01,0.95,5,0,0,0.387,0,0,0.017,11,53,3267,63,104,79,183,1440,5
0.01,0.01,0.95,6,0,0,0.688,0,0,0.004,17,26,3507,66,98,72,170,1437,5
0.01,0.01,0.95,7,0,0,0.782,0,0,0.002,7,29,3997,77,109,80,189,1439,5
0.01,0.01,0.95,3,0,0,0.917,0,0,0.01,11,14,2339,79,61,66,127,1423,6
0.01,0.01,0.95,4,0,0,0.149,1,15,0.026,14,27,1901,43,56,60,116,1432,6
0.01,0.01,0.95,5,0,0,0.927,2,29,0.006,6,20,2022,102,50,69,119,1432,6
0.01,0.01,0.95,6,0,0,1,1,15,0.005,3,11,2632,157,54,60,114,1427,6
0.01,0.01,0.95,7,0,0,0.556,1,15,0.002,4,16,2878,29,57,64,121,1423,6
0.01,0.01,0.95,3,0,0,0.687,0,0,0.031,20,43,2529,58,83,77,160,1394,7
0.01,0.01,0.95,4,0,0,0.771,0,0,0.015,3,44,2637,46,83,79,162,1393,7
0.01,0.01,0.95,5,0,0,0.449,0,0,0.013,24,30,2641,54,75,80,155,1396,7
0.01,0.01,0.95,6,0,0,0.707,0,0,0.014,26,29,2453,88,81,90,171,1400,7
0.01,0.01,0.95,7,0,0,0.634,0,0,0.032,22,40,2341,84,65,92,157,1389,7
0.01,0.01,0.95,3,0,0,0.729,0,0,0.005,8,19,2920,82,73,97,170,1405,8
0.01,0.01,0.95,4,0,0,0.984,0,0,0.014,6,33,2881,189,79,89,168,1410,8
0.01,0.01,0.95,5,0,0,1,0,0,0.005,3,21,2949,140,78,91,169,1404,8
0.01,0.01,0.95,6,0,0,1,0,0,0.002,0,15,2971,41,83,76,159,1411,8
0.01,0.01,0.95,7,0,0,1,0,0,0.02,0,25,2997,2,81,77,158,1420,8
0.01,0.01,0.95,3,0,0,0.974,0,0,0.011,14,43,3015,267,139,82,221,1422,9
0.01,0.01,0.95,4,0,0,0.244,0,0,0.008,24,30,3037,122,142,72,214,1429,9
0.01,0.01,0.95,5,0,0,1,0,0,0.024,0,46,3491,32,129,64,193,1448,9
0.01,0.01,0.95,6,0,0,0,0,0,0.008,0,46,3828,1,135,65,200,1422,9
0.01,0.01,0.95,7,0,0,0,0,0,0.03,0,44,3645,0,155,69,224,1428,9
0.01,0.01,0.95,3,0,0,0.687,0,0,0.036,21,49,2747,156,90,73,163,1420,10
0.01,0.01,0.95,4,0,0,0.881,0,0,0.004,12,27,2597,292,90,69,159,1422,10
0.01,0.01,0.95,5,0,0,0.707,0,0,0.015,48,28,2657,255,92,68,160,1418,10
0.01,0.01,0.95,6,0,0,0.798,0,0,0.017,26,45,3073,267,100,63,163,1406,10
0.01,0.01,0.95,7,0,0,0.276,0,0,0.007,36,39,3269,110,97,67,164,1429,10
0.01,0.01,0.95,3,0,0,0.698,1,14,0.014,15,36,3024,56,55,95,150,1458,11
0.01,0.01,0.95,4,0,0,0.814,0,0,0.008,9,26,3412,88,52,98,150,1476,11
0.01,0.01,0.95,5,0,0,0.623,0,0,0.007,6,28,3603,76,51,92,143,1465,11
0.01,0.01,0.95,6,0,0,0.986,0,0,0.011,5,28,3664,46,57,86,143,1457,11
0.01,0.01,0.95,7,0,0,0.971,1,14,0.011,3,30,3467,57,58,89,147,1482,11
0.01,0.01,0.95,3,0,0,0.89,0,0,0.002,18,27,2906,127,83,95,178,1448,12
0.01,0.01,0.95,4,0,0,0.612,0,0,0.007,9,27,3077,39,88,90,178,1444,12
0.01,0.01,0.95,5,0,0,1,0,0,0.032,7,57,3099,42,87,91,178,1443,12
0.01,0.01,0.95,6,0,0,0.987,0,0,0.005,8,35,3092,106,89,94,183,1454,12
0.01,0.01,0.95,7,0,0,0.379,0,0,0.013,16,40,3144,120,86,93,179,1437,12
0.01,0.01,0.95,3,0,0,0.961,0,0,0.019,5,31,2445,25,65,90,155,1425,13
0.01,0.01,0.95,4,0,0,0.564,0,0,0.024,11,45,2629,50,63,94,157,1408,13
0.01,0.01,0.95,5,0,0,0.804,0,0,0.018,20,32,3040,90,69,89,158,1425,13
0.01,0.01,0.95,6,0,0,0.922,0,0,0.001,16,15,3335,162,63,93,156,1433,13
0.01,0.01,0.95,7,0,0,0.959,0,0,0.002,13,20,3400,131,65,88,153,1416,13
0.01,0.01,0.95,3,0,0,1,0,0,0.025,6,38,2518,278,105,44,149,1375,14
0.01,0.01,0.95,4,1,13,1,0,0,0.008,3,23,2516,311,110,41,151,1370,14
0.01,0.01,0.95,5,0,0,1,0,0,0.01,2,32,3119,340,108,40,148,1376,14
0.01,0.01,0.95,6,0,0,0.643,0,0,0.003,3,26,3614,37,111,34,145,1371,14
0.01,0.01,0.95,7,0,0,1,0,0,0.002,1,24,3330,17,116,33,149,1382,14
0.01,0.01,0.95,3,0,0,0.897,1,14,0.031,6,37,1681,84,98,70,168,1400,15
0.01,0.01,0.95,4,0,0,0.975,1,14,0.038,8,31,1708,78,88,63,151,1383,15
0.01,0.01,0.95,5,0,0,1,0,0,0.028,0,32,1462,9,93,54,147,1389,15
0.01,0.01,0.95,6,0,0,0,0,0,0.021,0,39,1828,0,101,46,147,1390,15
0.01,0.01,0.95,7,0,0,0,0,0,0.016,0,24,1955,0,101,42,143,1393,15
0.01,0.01,0.95,3,0,0,0.977,0,0,0.01,5,37,3183,46,93,82,175,1474,16
0.01,0.01,0.95,4,0,0,1,0,0,0.017,2,37,3480,19,94,66,160,1475,16
0.01,0.01,0.95,5,0,0,0,0,0,0.008,0,18,3488,0,100,55,155,1484,16
0.01,0.01,0.95,6,0,0,0,0,0,0.004,0,31,3671,0,103,48,151,1494,16
0.01,0.01,0.95,7,0,0,0,0,0,0.017,0,35,3518,0,100,47,147,1483,16
0.01,0.01,0.95,3,0,0,0.674,0,0,0.014,25,44,2679,333,119,79,198,1457,17
0.01,0.01,0.95,4,0,0,0.915,0,0,0.045,14,56,2826,98,122,77,199,1457,17
0.01,0.01,0.95,5,0,0,0.364,0,0,0.01,33,37,2983,84,122,82,204,1480,17
0.01,0.01,0.95,6,0,0,0.566,0,0,0.023,24,48,3004,119,113,85,198,1455,17
0.01,0.01,0.95,7,0,0,0.559,0,0,0.035,26,51,3135,72,117,79,196,1449,17
0.01,0.01,0.95,3,0,0,0.823,0,0,0.008,3,26,1859,50,83,93,176,1365,18
0.01,0.01,0.95,4,0,0,0.95,0,0,0.023,13,32,2282,174,92,83,175,1364,18
0.01,0.01,0.95,5,0,0,1,0,0,0.028,1,43,2800,26,91,90,181,1365,18
0.01,0.01,0.95,6,0,0,0.698,0,0,0.018,16,37,2370,63,85,89,174,1356,18
0.01,0.01,0.95,7,0,0,0.924,0,0,0.004,8,22,2432,93,95,86,181,1373,18
0.01,0.01,0.95,3,0,0,0.285,0,0,0.009,2,32,3248,87,97,75,172,1465,19
0.01,0.01,0.95,4,0,0,0.235,0,0,0.017,5,47,3419,24,95,71,166,1477,19
0.01,0.01,0.95,5,0,0,0.527,0,0,0.003,11,8,3482,31,100,66,166,1465,19
0.01,0.01,0.95,6,0,0,0.332,0,0,0.006,12,21,3237,37,96,63,159,1470,19
0.01,0.01,0.95,7,0,0,0.392,0,0,0.005,18,16,2908,56,102,58,160,1472,19
0.01,0.01,0.95,3,0,0,0.445,0,0,0.018,34,30,2341,116,118,70,188,1420,20
0.01,0.01,0.95,4,0,0,0.817,0,0,0.009,17,23,2143,169,115,63,178,1417,20
0.01,0.01,0.95,5,0,0,0.574,0,0,0.025,29,55,2528,162,121,55,176,1436,20
0.01,0.01,0.95,6,0,0,0.821,0,0,0.02,30,36,2123,294,129,46,175,1408,20
0.01,0.01,0.95,7,0,0,0.798,0,0,0.026,22,40,2798,161,123,43,166,1437,20
0.01,0.01,0.95,3,0,0,0.799,8,114,0.027,10,55,2681,56,135,80,215,1394,21
0.01,0.01,0.95,4,2,28,0.448,6,84,0.01,28,22,2613,145,119,70,189,1399,21
0.01,0.01,0.95,5,0,0,0.999,8,113,0.023,8,37,2726,81,96,79,175,1389,21
0.01,0.01,0.95,6,4,56,0.831,7,99,0.009,8,45,2893,61,91,77,168,1402,21
0.01,0.01,0.95,7,2,28,0.413,11,153,0.01,32,33,2975,84,85,80,165,1398,21
0.01,0.01,0.95,3,0,0,0.912,1,14,0.016,6,39,3550,92,90,97,187,1502,22
0.01,0.01,0.95,4,0,0,0.557,0,0,0.006,10,36,3837,57,95,91,186,1521,22
0.01,0.01,0.95,5,0,0,0.429,2,27,0.001,7,32,4000,45,95,88,183,1536,22
0.01,0.01,0.95,6,0,0,0.956,1,14,0.004,7,23,3542,72,91,90,181,1516,22
0.01,0.01,0.95,7,0,0,0.328,4,55,0.005,4,26,3447,39,92,92,184,1527,22
0.01,0.01,0.95,3,0,0,0.968,0,0,0.017,5,52,3302,41,84,85,169,1404,23
0.01,0.01,0.95,4,0,0,0.965,0,0,0.021,4,37,3621,21,84,84,168,1417,23
0.01,0.01,0.95,5,0,0,0,0,0,0.011,0,41,3400,0,69,92,161,1406,23
0.01,0.01,0.95,6,0,0,0,0,0,0.01,0,48,3050,0,55,108,163,1401,23
0.01,0.01,0.95,7,0,0,0,0,0,0.01,0,30,3374,0,48,107,155,1411,23
0.01,0.01,0.95,3,0,0,1,0,0,0.013,2,42,2757,40,64,109,173,1437,24
0.01,0.01,0.95,4,0,0,0,0,0,0.027,0,34,2870,1,66,99,165,1444,24
0.01,0.01,0.95,5,0,0,0,0,0,0.031,0,52,2689,0,64,102,166,1446,24
0.01,0.01,0.95,6,0,0,0,0,0,0.008,0,32,3393,0,65,107,172,1440,24
0.01,0.01,0.95,7,0,0,0,0,0,0.013,0,37,3402,0,69,97,166,1428,24
0.01,0.01,0.95,3,0,0,0.782,0,0,0.007,20,26,2514,313,119,52,171,1450,25
0.01,0.01,0.95,4,0,0,0.74,0,0,0.001,32,8,3057,138,131,40,171,1443,25
0.01,0.01,0.95,5,0,0,0.999,0,0,0.014,18,30,3081,180,133,34,167,1468,25
0.01,0.01,0.95,6,0,0,0.892,0,0,0.006,10,45,3335,276,140,25,165,1447,25
0.01,0.01,0.95,7,0,0,1,0,0,0.002,7,15,3799,75,137,24,161,1448,25
0.01,0.01,0.95,3,0,0,0.964,0,0,0.006,3,27,2229,80,134,49,183,1445,26
0.01,0.01,0.95,4,0,0,0.888,0,0,0.009,2,27,2275,84,137,47,184,1450,26
0.01,0.01,0.95,5,0,0,0,0,0,0.005,1,28,2661,6,134,45,179,1452,26
0.01,0.01,0.95,6,0,0,0,0,0,0.007,0,29,3163,0,140,47,187,1452,26
0.01,0.01,0.95,7,0,0,0,0,0,0.008,0,33,3217,0,142,50,192,1451,26
0.01,0.01,0.95,3,0,0,0.751,0,0,0.022,17,30,2659,124,73,85,158,1372,27
0.01,0.01,0.95,4,0,0,0.922,0,0,0.005,16,28,2898,160,78,82,160,1396,27
0.01,0.01,0.95,5,0,0,0.772,0,0,0.011,12,25,2942,114,74,88,162,1389,27
0.01,0.01,0.95,6,0,0,0.629,0,0,0.021,32,21,2749,79,69,90,159,1389,27
0.01,0.01,0.95,7,0,0,0.42,0,0,0.001,23,28,2955,67,59,93,152,1381,27
0.01,0.01,0.95,3,6,77,0.664,0,0,0.02,11,50,2768,60,91,87,178,1392,28
0.01,0.01,0.95,4,4,51,0.215,0,0,0.013,19,38,2790,27,86,87,173,1400,28
0.01,0.01,0.95,5,6,77,1,0,0,0.009,4,39,2830,46,83,92,175,1411,28
0.01,0.01,0.95,6,1,13,1,0,0,0.011,0,39,2973,5,82,93,175,1403,28
0.01,0.01,0.95,7,0,0,0,0,0,0.014,0,41,3503,0,74,89,163,1401,28
0.01,0.01,0.95,3,1,12,0.808,0,0,0.01,27,40,3111,109,80,102,182,1478,29
0.01,0.01,0.95,4,0,0,0.781,0,0,0.013,26,37,3397,121,74,93,167,1455,29
0.01,0.01,0.95,5,0,0,0.368,0,0,0.008,13,31,3276,50,69,91,160,1465,29
0.01,0.01,0.95,6,0,0,0.77,0,0,0.022,19,36,3063,66,69,89,158,1463,29
0.01,0.01,0.95,7,0,0,0.901,0,0,0.023,14,46,2888,121,72,87,159,1447,29
0.01,0.01,0.95,3,0,0,1,0,0,0.014,0,25,2953,21,80,89,169,1441,30
0.01,0.01,0.95,4,0,0,0,0,0,0.016,0,23,3061,0,79,90,169,1443,30
0.01,0.01,0.95,5,0,0,0,0,0,0.005,0,40,3575,0,73,94,167,1452,30
0.01,0.01,0.95,6,0,0,0,0,0,0.013,0,47,3802,0,59,101,160,1445,30
0.01,0.01,0.95,7,0,0,0,0,0,0.022,0,56,3577,0,63,101,164,1471,30
0.01,0.01,0.95,3,0,0,0.999,0,0,0.005,8,24,2860,64,92,68,160,1465,31
0.01,0.01,0.95,4,0,0,0,0,0,0.021,0,33,3026,4,89,66,155,1449,31
0.01,0.01,0.95,5,0,0,0,0,0,0.011,0,37,3271,0,92,58,150,1451,31
0.01,0.01,0.95,6,0,0,0,0,0,0.003,0,27,3591,0,87,57,144,1460,31
0.01,0.01,0.95,7,0,0,0,0,0,0.014,0,37,3524,0,86,59,145,1441,31
0.01,0.01,0.95,3,3,40,0.602,0,0,0.01,5,22,2444,141,64,82,146,1441,32
0.01,0.01,0.95,4,3,40,0.956,0,0,0.017,5,25,2178,49,69,75,144,1427,32
0.01,0.01,0.95,5,1,13,0.364,0,0,0.027,7,35,2238,130,68,77,145,1441,32
0.01,0.01,0.95,6,7,94,0.998,0,0,0.012,5,22,2479,72,80,72,152,1411,32
0.01,0.01,0.95,7,0,0,1,0,0,0,0,19,2750,18,85,65,150,1423,32
0.01,0.01,0.95,3,0,0,0.95,0,0,0.007,9,28,2916,99,69,93,162,1367,33
0.01,0.01,0.95,4,0,0,0.879,0,0,0.001,11,21,2454,77,57,93,150,1370,33
0.01,0.01,0.95,5,0,0,0.346,0,0,0.015,29,22,2274,179,59,99,158,1391,33
0.01,0.01,0.95,6,0,0,0.917,0,0,0.017,13,33,2618,123,63,98,161,1372,33
0.01,0.01,0.95,7,0,0,0.907,0,0,0.019,10,30,2914,156,58,92,150,1370,33
0.01,0.01,0.95,3,0,0,1,0,0,0.005,4,35,2003,59,76,87,163,1405,34
0.01,0.01,0.95,4,0,0,1,0,0,0.028,0,46,2376,5,78,73,151,1420,34
0.01,0.01,0.95,5,0,0,1,0,0,0.007,0,22,2538,2,80,66,146,1411,34
0.01,0.01,0.95,6,0,0,0,0,0,0.023,0,33,2572,0,88,66,154,1402,34
0.01,0.01,0.95,7,0,0,0,0,0,0.015,0,26,2449,0,93,58,151,1422,34
0.01,0.01,0.95,3,0,0,0.944,0,0,0.004,3,18,3214,49,90,71,161,1408,35
0.01,0.01,0.95,4,0,0,1,0,0,0.01,0,20,3364,9,91,75,166,1414,35
0.01,0.01,0.95,5,0,0,0.122,0,0,0,2,15,3179,6,91,68,159,1419,35
0.01,0.01,0.95,6,0,0,0,0,0,0.009,0,30,3153,0,79,81,160,1439,35
0.01,0.01,0.95,7,0,0,0,0,0,0.006,0,19,4174,0,82,77,159,1437,35
0.01,0.01,0.95,3,0,0,0.63,0,0,0.019,7,51,3397,21,109,80,189,1484,36
0.01,0.01,0.95,4,0,0,0.77,0,0,0.019,22,36,3216,73,106,79,185,1462,36
0.01,0.01,0.95,5,0,0,0.512,0,0,0.011,14,41,3378,77,98,78,176,1473,36
0.01,0.01,0.95,6,0,0,0.939,0,0,0.021,23,31,3243,205,98,73,171,1462,36
0.01,0.01,0.95,7,0,0,0.658,0,0,0.006,24,19,3699,193,106,63,169,1475,36
0.01,0.01,0.95,3,0,0,0.718,1,14,0.011,5,34,3348,28,103,52,155,1496,37
0.01,0.01,0.95,4,0,0,0.903,0,0,0.016,7,48,3250,22,105,53,158,1475,37
0.01,0.01,0.95,5,0,0,1,0,0,0.014,0,26,3228,11,104,45,149,1484,37
0.01,0.01,0.95,6,0,0,0,0,0,0.014,0,30,3281,0,114,42,156,1491,37
0.01,0.01,0.95,7,0,0,0,0,0,0.005,0,17,3313,0,114,40,154,1480,37
0.01,0.01,0.95,3,0,0,0.768,0,0,0.012,1,44,2986,15,89,61,150,1388,38
0.01,0.01,0.95,4,0,0,0,0,0,0.008,0,18,3151,0,75,61,136,1383,38
0.01,0.01,0.95,5,0,0,0,0,0,0.003,0,20,3366,0,74,75,149,1383,38
0.01,0.01,0.95,6,0,0,0,0,0,0.013,0,27,3553,0,68,79,147,1392,38
0.01,0.01,0.95,7,0,0,0,0,0,0.019,0,45,3507,0,61,78,139,1386,38
0.01,0.01,0.95,3,0,0,0.744,0,0,0.016,7,19,2773,81,85,69,154,1410,39
0.01,0.01,0.95,4,0,0,0.223,0,0,0.007,12,34,3048,47,84,70,154,1413,39
0.01,0.01,0.95,5,0,0,0.845,0,0,0.009,12,16,3165,86,90,60,150,1422,39
0.01,0.01,0.95,6,0,0,0.452,0,0,0,24,10,3470,173,90,65,155,1409,39
0.01,0.01,0.95,7,0,0,0.531,0,0,0.008,21,17,3588,128,88,62,150,1423,39
0.01,0.01,0.95,3,0,0,0.447,0,0,0.018,26,47,2584,87,103,108,211,1443,40
0.01,0.01,0.95,4,0,0,0.394,0,0,0.007,40,44,3035,87,113,95,208,1456,40
0.01,0.01,0.95,5,0,0,0.567,0,0,0.003,14,29,3115,60,104,92,196,1434,40
0.01,0.01,0.95,6,1,13,0.437,0,0,0.026,11,44,3598,49,110,89,199,1461,40
0.01,0.01,0.95,7,0,0,0.976,0,0,0.006,14,46,3719,78,106,88,194,1464,40
0.01,0.01,0.95,3,0,0,0.284,0,0,0.008,5,35,2852,27,112,69,181,1432,41
0.01,0.01,0.95,4,0,0,0.261,0,0,0.008,15,27,3243,44,111,70,181,1438,41
0.01,0.01,0.95,5,0,0,0.582,0,0,0.024,24,42,3110,50,103,78,181,1430,41
0.01,0.01,0.95,6,0,0,0.65,0,0,0.004,25,23,3491,102,98,72,170,1435,41
0.01,0.01,0.95,7,0,0,0.741,0,0,0.011,26,37,3510,91,101,71,172,1447,41
0.01,0.01,0.95,3,0,0,0.437,0,0,0.003,8,27,2626,85,49,117,166,1377,42
0.01,0.01,0.95,4,0,0,1,0,0,0.015,12,31,2841,59,43,129,172,1378,42
0.01,0.01,0.95,5,0,0,0.999,0,0,0.011,4,31,2996,25,41,134,175,1390,42
0.01,0.01,0.95,6,0,0,1,0,0,0.006,1,19,3303,18,39,133,172,1384,42
0.01,0.01,0.95,7,0,0,0,0,0,0.021,0,56,3283,0,38,128,166,1370,42
0.01,0.01,0.95,3,0,0,0.783,0,0,0.02,6,38,3335,46,90,68,158,1475,43
0.01,0.01,0.95,4,0,0,1,0,0,0.011,0,31,3506,12,66,72,138,1475,43
0.01,0.01,0.95,5,0,0,1,0,0,0.008,0,30,3699,5,59,75,134,1465,43
0.01,0.01,0.95,6,0,0,0,0,0,0.018,0,33,3025,0,54,66,120,1454,43
0.01,0.01,0.95,7,0,0,0,0,0,0.005,0,22,3258,0,49,66,115,1456,43
0.01,0.01,0.95,3,0,0,0.622,2,29,0.014,18,37,2852,152,58,85,143,1437,44
0.01,0.01,0.95,4,0,0,0.854,4,57,0.006,14,19,3092,116,61,83,144,1415,44
0.01,0.01,0.95,5,0,0,0.838,0,0,0.006,16,24,3341,177,64,82,146,1448,44
0.01,0.01,0.95,6,0,0,0.445,1,14,0.01,22,30,3206,101,61,94,155,1435,44
0.01,0.01,0.95,7,0,0,0.861,0,0,0.01,10,22,3372,45,52,99,151,1413,44
0.01,0.01,0.95,3,2,27,0.522,1,14,0.009,7,27,2708,25,80,62,142,1460,45
0.01,0.01,0.95,4,1,13,1,1,13,0,0,12,3361,19,79,62,141,1465,45
0.01,0.01,0.95,5,3,40,0.567,2,27,0.009,7,33,3598,27,81,65,146,1447,45
0.01,0.01,0.95,6,0,0,0.959,4,54,0.014,2,33,3510,25,81,67,148,1463,45
0.01,0.01,0.95,7,2,27,0.55,6,81,0.007,4,31,3374,18,81,57,138,1445,45
0.01,0.01,0.95,3,0,0,1,0,0,0.016,0,22,2698,11,98,53,151,1423,46
0.01,0.01,0.95,4,0,0,0,0,0,0.015,0,38,3436,0,102,47,149,1426,46
0.01,0.01,0.95,5,0,0,0,0,0,0.01,0,27,3452,0,104,42,146,1429,46
0.01,0.01,0.95,6,0,0,0,0,0,0.013,0,30,3579,0,112,37,149,1431,46
0.01,0.01,0.95,7,0,0,0,0,0,0.016,0,42,3497,0,109,35,144,1423,46
0.01,0.01,0.95,3,0,0,1,0,0,0.025,7,46,2248,51,87,80,167,1457,47
0.01,0.01,0.95,4,0,0,1,0,0,0.003,3,33,2546,28,95,72,167,1455,47
0.01,0.01,0.95,5,0,0,0,0,0,0.019,0,41,2742,3,89,80,169,1455,47
0.01,0.01,0.95,6,0,0,0,0,0,0.005,0,36,2734,0,92,71,163,1453,47
0.01,0.01,0.95,7,0,0,0,0,0,0.008,0,24,3049,0,98,65,163,1457,47
0.01,0.01,0.95,3,0,0,0.328,0,0,0.028,7,43,3331,9,67,74,141,1474,48
0.01,0.01,0.95,4,0,0,1,0,0,0.012,3,32,3416,12,75,55,130,1478,48
0.01,0.01,0.95,5,0,0,0.959,0,0,0.011,4,28,3753,25,78,46,124,1480,48
0.01,0.01,0.95,6,0,0,0.459,0,0,0.011,12,29,3972,34,88,32,120,1471,48
0.01,0.01,0.95,7,0,0,0.891,0,0,0.013,13,36,4090,64,93,31,124,1479,48
0.01,0.01,0.95,3,0,0,0.819,0,0,0.005,14,26,2740,129,106,65,171,1434,49
0.01,0.01,0.95,4,0,0,0.54,0,0,0.002,9,13,2918,156,105,65,170,1453,49
0.01,0.01,0.95,5,0,0,0.603,0,0,0.003,30,16,3143,123,98,72,170,1468,49
0.01,0.01,0.95,6,0,0,0.833,0,0,0.002,30,27,3230,186,101,75,176,1463,49
0.01,0.01,0.95,7,0,0,0.396,0,0,0.016,45,37,3298,263,107,77,184,1457,49
0.01,0.01,0.95,3,0,0,0.791,0,0,0.019,24,46,2183,188,93,103,196,1416,50
0.01,0.01,0.95,4,0,0,0.715,0,0,0.022,25,42,2127,159,87,98,185,1408,50
0.01,0.01,0.95,5,0,0,0.997,0,0,0.01,13,34,2399,216,78,100,178,1398,50
0.01,0.01,0.95,6,0,0,0.866,0,0,0.01,4,44,2631,195,72,109,181,1430,50
0.01,0.01,0.95,7,0,0,1,0,0,0.013,0,30,2855,55,71,106,177,1413,50
0.01,0.01,0.95,3,2,26,0.482,0,0,0.003,5,16,2584,30,63,95,158,1412,51
0.01,0.01,0.95,4,1,13,1,0,0,0.009,6,35,2788,17,63,93,156,1420,51
0.01,0.01,0.95,5,1,13,1,0,0,0.004,2,21,2803,14,72,86,158,1423,51
0.01,0.01,0.95,6,0,0,1,0,0,0.013,0,29,2579,2,83,84,167,1424,51
0.01,0.01,0.95,7,0,0,0,0,0,0.008,0,14,2451,0,74,82,156,1435,51
0.01,0.01,0.95,3,0,0,0.498,0,0,0.008,11,50,3180,77,134,62,196,1423,52
0.01,0.01,0.95,4,0,0,0.787,0,0,0.001,18,24,2946,80,136,60,196,1423,52
0.01,0.01,0.95,5,0,0,0.999,0,0,0.013,19,23,2495,143,135,49,184,1430,52
0.01,0.01,0.95,6,0,0,0.996,0,0,0.012,6,37,2698,133,144,46,190,1419,52
0.01,0.01,0.95,7,0,0,0.948,0,0,0.022,1,42,3205,19,145,40,185,1434,52
0.01,0.01,0.95,3,0,0,0.801,0,0,0.014,37,35,2672,115,99,111,210,1437,53
0.01,0.01,0.95,4,0,0,0.869,0,0,0.014,31,31,2828,148,92,104,196,1444,53
0.01,0.01,0.95,5,0,0,0.581,0,0,0.014,33,52,3008,139,82,105,187,1441,53
0.01,0.01,0.95,6,0,0,0.689,0,0,0.012,17,27,3146,109,78,101,179,1442,53
0.01,0.01,0.95,7,0,0,0.246,0,0,0.01,31,32,2968,80,80,105,185,1438,53
0.01,0.01,0.95,3,0,0,0.516,0,0,0.026,6,54,2284,17,110,77,187,1415,54
0.01,0.01,0.95,4,0,0,1,0,0,0.005,1,28,2536,35,123,63,186,1408,54
0.01,0.01,0.95,5,0,0,1,0,0,0.058,0,39,1981,28,121,60,181,1406,54
0.01,0.01,0.95,6,0,0,0,0,0,0.005,0,21,2304,0,125,58,183,1395,54
0.01,0.01,0.95,7,0,0,0,0,0,0.039,0,59,2682,0,121,56,177,1403,54
0.01,0.01,0.95,3,0,0,0.474,0,0,0.008,14,23,2582,56,82,105,187,1404,55
0.01,0.01,0.95,4,0,0,0.787,0,0,0.022,25,38,2763,111,73,108,181,1412,55
0.01,0.01,0.95,5,0,0,0.418,0,0,0.016,49,37,2960,105,73,101,174,1415,55
0.01,0.01,0.95,6,0,0,0.476,0,0,0.005,36,40,3404,100,78,111,189,1414,55
0.01,0.01,0.95,7,0,0,0.657,0,0,0.012,30,36,3357,121,83,106,189,1437,55
0.01,0.01,0.95,3,0,0,0.744,0,0,0.02,21,25,3092,78,75,79,154,1448,56
0.01,0.01,0.95,4,0,0,0.368,0,0,0.01,19,27,3148,144,75,76,151,1443,56
0.01,0.01,0.95,5,0,0,0.564,0,0,0.004,29,6,3030,79,74,77,151,1457,56
0.01,0.01,0.95,6,0,0,0.999,0,0,0.013,19,27,3153,208,70,68,138,1464,56
0.01,0.01,0.95,7,0,0,0.695,0,0,0.022,6,31,3144,94,75,73,148,1425,56
0.01,0.01,0.95,3,0,0,0.557,1,12,0.01,15,52,2972,63,123,54,177,1492,57
0.01,0.01,0.95,4,0,0,0.964,0,0,0.007,12,24,3303,82,133,46,179,1488,57
0.01,0.01,0.95,5,0,0,1,0,0,0.018,6,43,3251,54,131,53,184,1507,57
0.01,0.01,0.95,6,0,0,0.305,0,0,0.014,5,39,3598,37,131,49,180,1488,57
0.01,0.01,0.95,7,0,0,0.999,0,0,0.012,4,29,3760,28,131,44,175,1503,57
0.01,0.01,0.95,3,0,0,0.772,0,0,0.011,16,38,3764,126,81,96,177,1484,58
0.01,0.01,0.95,4,0,0,0.749,0,0,0.014,13,37,3930,96,81,95,176,1489,58
0.01,0.01,0.95,5,0,0,0.979,1,13,0.008,2,25,4071,41,80,95,175,1489,58
0.01,0.01,0.95,6,0,0,0.996,0,0,0.004,6,14,3945,30,87,100,187,1472,58
0.01,0.01,0.95,7,0,0,0.964,0,0,0.004,4,24,4203,33,83,100,183,1490,58
0.01,0.01,0.95,3,0,0,0.993,0,0,0.007,9,32,3319,59,63,84,147,1426,59
0.01,0.01,0.95,4,0,0,0.421,0,0,0.01,16,29,3574,71,65,84,149,1430,59
0.01,0.01,0.95,5,0,0,0.416,1,13,0.006,34,31,3927,104,59,92,151,1417,59
0.01,0.01,0.95,6,0,0,0.749,1,13,0.013,38,38,4059,96,60,91,151,1425,59
0.01,0.01,0.95,7,0,0,0.696,0,0,0.023,14,42,3805,92,56,90,146,1418,59
0.01,0.01,0.95,3,0,0,1,0,0,0.022,0,30,2794,10,75,70,145,1428,60
0.01,0.01,0.95,4,0,0,0,0,0,0.009,0,26,2727,0,83,62,145,1415,60
0.01,0.01,0.95,5,0,0,0,0,0,0.026,0,46,2793,0,86,58,144,1422,60
0.01,0.01,0.95,6,0,0,0,0,0,0.002,0,15,2975,0,86,47,133,1416,60
0.01,0.01,0.95,7,0,0,0,0,0,0,0,11,3142,0,97,41,138,1423,60
0.01,0.01,0.95,3,0,0,0.838,0,0,0.008,7,33,2893,159,89,79,168,1440,61
0.01,0.01,0.95,4,0,0,0.749,0,0,0.009,13,33,3121,140,100,73,173,1448,61
0.01,0.01,0.95,5,0,0,0.749,0,0,0.009,9,21,3054,65,97,71,168,1433,61
0.01,0.01,0.95,6,0,0,1,0,0,0.02,4,43,3296,254,92,77,169,1432,61
0.01,0.01,0.95,7,0,0,0.361,0,0,0.005,5,26,3335,219,89,77,166,1456,61
0.01,0.01,0.95,3,0,0,0.737,0,0,0.032,16,37,2665,174,101,54,155,1424,62
0.01,0.01,0.95,4,0,0,0.37,0,0,0.001,29,22,2971,131,96,64,160,1420,62
0.01,0.01,0.95,5,0,0,0.458,0,0,0.006,29,21,3610,122,96,60,156,1433,62
0.01,0.01,0.95,6,0,0,0.469,0,0,0.009,18,35,3552,73,93,65,158,1419,62
0.01,0.01,0.95,7,0,0,0.48,0,0,0.007,8,18,3369,52,99,59,158,1440,62
0.01,0.01,0.95,3,0,0,0.654,0,0,0.013,18,52,3173,39,74,105,179,1441,63
0.01,0.01,0.95,4,0,0,0.726,0,0,0.016,25,38,3362,91,64,106,170,1467,63
0.01,0.01,0.95,5,0,0,0.771,0,0,0.013,19,36,3133,91,78,95,173,1445,63
0.01,0.01,0.95,6,0,0,0.669,0,0,0.04,12,63,3218,66,76,100,176,1448,63
0.01,0.01,0.95,7,0,0,1,0,0,0.007,3,32,3042,16,71,96,167,1437,63
0.01,0.01,0.95,3,0,0,0.604,0,0,0.005,21,28,3327,91,89,67,156,1494,64
0.01,0.01,0.95,4,0,0,0.729,0,0,0.01,20,47,3907,92,104,57,161,1490,64
0.01,0.01,0.95,5,0,0,0.343,0,0,0.011,12,26,3680,35,95,56,151,1457,64
0.01,0.01,0.95,6,0,0,0.19,0,0,0.013,20,42,3858,47,92,62,154,1480,64
0.01,0.01,0.95,7,0,0,0.714,0,0,0.011,38,42,3872,133,87,73,160,1478,64
0.01,0.01,0.95,3,0,0,1,0,0,0.013,0,35,2059,15,86,79,165,1470,65
0.01,0.01,0.95,4,0,0,1,0,0,0.011,0,24,2148,3,81,73,154,1448,65
0.01,0.01,0.95,5,0,0,0,0,0,0.003,0,11,2871,0,91,59,150,1457,65
0.01,0.01,0.95,6,0,0,0,0,0,0.009,0,33,3082,0,100,53,153,1476,65
0.01,0.01,0.95,7,0,0,0,0,0,0.022,0,49,3063,0,102,48,150,1458,65
0.01,0.01,0.95,3,0,0,0.742,0,0,0.015,11,42,1839,68,85,89,174,1407,66
0.01,0.01,0.95,4,0,0,0.464,0,0,0.023,28,24,1932,153,79,98,177,1416,66
0.01,0.01,0.95,5,0,0,0.901,0,0,0.01,15,29,2039,166,68,86,154,1409,66
0.01,0.01,0.95,6,0,0,0.865,0,0,0.012,20,24,2064,141,64,77,141,1421,66
0.01,0.01,0.95,7,0,0,0.835,0,0,0.031,31,25,1929,319,84,83,167,1405,66
0.01,0.01,0.95,3,0,0,0.98,0,0,0.023,5,40,2921,83,90,51,141,1471,67
0.01,0.01,0.95,4,0,0,0.556,0,0,0.009,15,28,3219,177,94,46,140,1473,67
0.01,0.01,0.95,5,0,0,0.732,0,0,0.005,11,23,3097,70,97,38,135,1474,67
0.01,0.01,0.95,6,0,0,0.994,0,0,0.009,3,22,3041,61,98,36,134,1480,67
0.01,0.01,0.95,7,0,0,0,0,0,0.009,0,16,3225,1,105,34,139,1480,67
0.01,0.01,0.95,3,0,0,0.981,0,0,0.009,4,21,2346,123,56,70,126,1456,68
0.01,0.01,0.95,4,0,0,0.641,0,0,0.006,12,24,2325,219,49,78,127,1449,68
0.01,0.01,0.95,5,0,0,0.996,0,0,0.01,12,20,2558,456,45,77,122,1456,68
0.01,0.01,0.95,6,0,0,1,0,0,0.016,3,35,3178,122,39,87,126,1466,68
0.01,0.01,0.95,7,0,0,0.416,0,0,0.006,11,25,3574,51,47,91,138,1458,68
0.01,0.01,0.95,3,0,0,0.567,0,0,0.01,12,29,2678,94,78,82,160,1397,69
0.01,0.01,0.95,4,3,39,0.827,0,0,0.006,25,23,2798,82,80,80,160,1393,69
0.01,0.01,0.95,5,1,13,1,0,0,0.01,10,14,2555,22,76,90,166,1398,69
0.01,0.01,0.95,6,0,0,1,1,13,0.008,2,17,2476,23,83,80,163,1398,69
0.01,0.01,0.95,7,0,0,0,0,0,0.013,0,32,3006,2,86,83,169,1397,69
0.01,0.01,0.95,3,0,0,0.248,2,26,0.001,12,27,3253,39,81,67,148,1435,70
0.01,0.01,0.95,4,0,0,0.778,3,40,0.008,8,28,3307,63,84,62,146,1465,70
0.01,0.01,0.95,5,0,0,0.767,2,27,0.007,2,29,3577,34,86,57,143,1456,70
0.01,0.01,0.95,6,0,0,0.286,6,80,0.016,6,38,3454,77,88,57,145,1456,70
0.01,0.01,0.95,7,0,0,0.981,4,53,0.007,2,25,3583,44,90,48,138,1461,70
0.01,0.01,0.95,3,0,0,0.472,0,0,0.011,12,31,2701,58,73,69,142,1415,71
0.01,0.01,0.95,4,1,13,0.38,0,0,0.002,19,23,2636,104,72,60,132,1430,71
0.01,0.01,0.95,5,2,26,0.74,1,13,0.003,23,18,3096,165,71,63,134,1430,71
0.01,0.01,0.95,6,0,0,0.871,3,38,0.013,33,25,3022,212,79,64,143,1406,71
0.01,0.01,0.95,7,2,25,0.741,0,0,0.001,15,27,2998,160,71,68,139,1432,71
0.01,0.01,0.95,3,0,0,0.955,0,0,0.016,7,27,2284,115,88,75,163,1410,72
0.01,0.01,0.95,4,0,0,1,0,0,0.013,0,40,2740,59,92,65,157,1425,72
0.01,0.01,0.95,5,0,0,0,1,14,0.012,0,23,2812,1,105,56,161,1415,72
0.01,0.01,0.95,6,0,0,0,2,28,0.016,0,34,2970,0,107,50,157,1420,72
0.01,0.01,0.95,7,0,0,0,3,42,0.004,0,30,3241,0,117,36,153,1404,72
0.01,0.01,0.95,3,0,0,0.77,0,0,0.015,14,47,2232,383,80,86,166,1401,73
0.01,0.01,0.95,4,0,0,0.49,0,0,0.012,17,34,2452,69,73,91,164,1374,73
0.01,0.01,0.95,5,0,0,1,0,0,0.022,7,32,2391,29,74,92,166,1400,73
0.01,0.01,0.95,6,0,0,0,0,0,0.011,0,35,2561,1,81,88,169,1386,73
0.01,0.01,0.95,7,0,0,0,0,0,0.022,0,46,2610,0,80,83,163,1388,73
0.01,0.01,0.95,3,0,0,0.943,0,0,0.02,15,39,2819,119,105,72,177,1463,74
0.01,0.01,0.95,4,0,0,0.011,0,0,0.013,7,34,2704,26,94,73,167,1458,74
0.01,0.01,0.95,5,0,0,0.038,0,0,0.012,3,35,2958,9,96,70,166,1442,74
0.01,0.01,0.95,6,0,0,0,0,0,0.017,0,30,3248,1,81,68,149,1446,74
0.01,0.01,0.95,7,0,0,0,0,0,0.023,0,37,3256,0,70,70,140,1449,74
0.01,0.01,0.95,3,0,0,0.278,0,0,0.018,8,33,2151,69,103,74,177,1446,75
0.01,0.01,0.95,4,0,0,0.789,0,0,0.008,11,21,1893,98,115,60,175,1445,75
0.01,0.01,0.95,5,0,0,0.862,0,0,0.008,8,12,2245,141,117,59,176,1432,75
0.01,0.01,0.95,6,0,0,0.927,0,0,0.003,12,26,2757,89,119,64,183,1444,75
0.01,0.01,0.95,7,0,0,0.88,0,0,0.022,8,34,3027,83,117,62,179,1452,75
0.01,0.01,0.95,3,0,0,0.757,2,27,0.009,28,16,3027,104,110,86,196,1426,76
0.01,0.01,0.95,4,0,0,0.69,2,27,0.002,16,28,3240,91,114,84,198,1433,76
0.01,0.01,0.95,5,0,0,0.979,3,41,0.005,8,25,3514,45,117,83,200,1423,76
0.01,0.01,0.95,6,0,0,0,1,14,0.019,2,28,3337,1,120,82,202,1414,76
0.01,0.01,0.95,7,0,0,0,1,14,0.007,0,60,3115,0,124,77,201,1424,76
0.01,0.01,0.95,3,0,0,0.862,0,0,0.014,16,48,2629,196,88,78,166,1476,77
0.01,0.01,0.95,4,0,0,0.677,0,0,0.008,25,32,2766,161,91,72,163,1486,77
0.01,0.01,0.95,5,0,0,0.809,0,0,0.008,21,37,2720,167,99,66,165,1494,77
0.01,0.01,0.95,6,0,0,0.991,0,0,0.005,10,22,2959,124,95,67,162,1484,77
0.01,0.01,0.95,7,0,0,0.981,0,0,0.009,2,32,2973,39,97,62,159,1450,77
0.01,0.01,0.95,3,0,0,0,0,0,0.007,0,34,3151,2,98,80,178,1408,78
0.01,0.01,0.95,4,0,0,0,0,0,0.015,0,42,3193,0,97,76,173,1413,78
0.01,0.01,0.95,5,0,0,0,0,0,0.013,0,47,3117,0,86,76,162,1415,78
0.01,0.01,0.95,6,0,0,0,0,0,0.011,0,33,3236,0,79,86,165,1417,78
0.01,0.01,0.95,7,0,0,0,0,0,0.012,0,22,3223,0,81,85,166,1415,78
0.01,0.01,0.95,3,0,0,0.906,3,39,0.016,3,34,2228,32,98,75,173,1386,79
0.01,0.01,0.95,4,0,0,0.995,2,26,0.005,5,19,2429,24,111,56,167,1390,79
0.01,0.01,0.95,5,0,0,1,10,131,0.001,1,26,2618,13,118,50,168,1396,79
0.01,0.01,0.95,6,0,0,0,6,79,0.003,0,18,2560,1,116,49,165,1400,79
0.01,0.01,0.95,7,0,0,0,6,79,0.011,0,27,2462,0,118,50,168,1405,79
0.01,0.01,0.95,3,0,0,0.959,2,26,0.013,13,31,2506,156,110,65,175,1410,80
0.01,0.01,0.95,4,0,0,0.458,0,0,0.026,14,37,2326,178,117,53,170,1414,80
0.01,0.01,0.95,5,0,0,0.762,0,0,0.006,27,25,2916,130,120,55,175,1417,80
0.01,0.01,0.95,6,0,0,1,1,14,0.02,9,36,2865,73,128,44,172,1420,80
0.01,0.01,0.95,7,0,0,0,1,14,0.009,0,28,2875,7,127,38,165,1410,80
0.01,0.01,0.95,3,0,0,0.833,0,0,0.019,11,40,2872,101,123,64,187,1414,81
0.01,0.01,0.95,4,0,0,0.64,0,0,0.005,26,32,3145,145,121,60,181,1395,81
0.01,0.01,0.95,5,0,0,0.868,0,0,0.02,28,38,2963,162,128,53,181,1417,81
0.01,0.01,0.95,6,0,0,0.823,0,0,0.008,7,39,2603,122,125,52,177,1418,81
0.01,0.01,0.95,7,0,0,1,0,0,0.018,10,36,2565,73,123,52,175,1415,81
0.01,0.01,0.95,3,0,0,0.779,0,0,0.009,20,27,3297,75,95,68,163,1453,82
0.01,0.01,0.95,4,0,0,0.254,0,0,0.018,8,48,3272,33,99,71,170,1440,82
0.01,0.01,0.95,5,0,0,0.178,0,0,0.024,20,45,3324,50,117,55,172,1439,82
0.01,0.01,0.95,6,0,0,0.778,0,0,0.011,15,41,3259,83,120,47,167,1431,82
0.01,0.01,0.95,7,0,0,0.394,0,0,0.014,18,31,3094,80,107,55,162,1451,82
0.01,0.01,0.95,3,0,0,0.96,0,0,0.013,11,28,2874,84,99,64,163,1463,83
0.01,0.01,0.95,4,0,0,0.481,0,0,0.021,1,29,3267,26,91,63,154,1449,83
0.01,0.01,0.95,5,0,0,1,0,0,0.003,2,28,3580,12,94,66,160,1458,83
0.01,0.01,0.95,6,0,0,0,0,0,0.018,0,43,3865,1,92,64,156,1444,83
0.01,0.01,0.95,7,0,0,0,0,0,0.008,0,28,3923,0,94,65,159,1458,83
0.01,0.01,0.95,3,0,0,1,6,76,0.016,0,38,3534,16,81,79,160,1492,84
0.01,0.01,0.95,4,0,0,0,7,89,0.018,0,35,3867,0,75,71,146,1485,84
0.01,0.01,0.95,5,0,0,0,10,127,0.002,0,30,3587,0,83,65,148,1486,84
0.01,0.01,0.95,6,0,0,0,6,76,0.01,0,35,3455,0,80,61,141,1484,84
0.01,0.01,0.95,7,0,0,0,9,113,0.005,0,22,3331,0,86,58,144,1490,84
0.01,0.01,0.95,3,0,0,0.742,0,0,0.021,11,50,3029,66,84,107,191,1484,85
0.01,0.01,0.95,4,0,0,0.868,0,0,0.025,12,40,3153,82,77,107,184,1473,85
0.01,0.01,0.95,5,0,0,0.999,0,0,0.025,5,42,3195,46,77,105,182,1481,85
0.01,0.01,0.95,6,0,0,0.534,2,24,0.008,5,38,2925,27,84,98,182,1481,85
0.01,0.01,0.95,7,0,0,1,0,0,0.012,1,26,2986,18,84,96,180,1507,85
0.01,0.01,0.95,3,3,39,0.676,0,0,0.014,7,24,2492,95,91,95,186,1436,86
0.01,0.01,0.95,4,4,51,0.777,0,0,0.035,21,37,2108,85,93,92,185,1432,86
0.01,0.01,0.95,5,9,115,0.655,0,0,0.011,20,33,2713,266,95,88,183,1444,86
0.01,0.01,0.95,6,7,88,0.758,2,25,0.017,20,72,3561,199,93,88,181,1461,86
0.01,0.01,0.95,7,9,113,0.479,1,13,0.011,22,32,3427,119,94,87,181,1430,86
0.01,0.01,0.95,3,0,0,0.787,1,14,0.022,13,38,2812,111,53,104,157,1403,87
0.01,0.01,0.95,4,0,0,0.484,0,0,0.018,13,29,2872,44,51,98,149,1403,87
0.01,0.01,0.95,5,0,0,0.91,0,0,0,11,7,2720,56,51,97,148,1399,87
0.01,0.01,0.95,6,0,0,1,0,0,0.009,0,16,2801,22,59,90,149,1373,87
0.01,0.01,0.95,7,0,0,0,0,0,0.004,0,11,2993,0,71,80,151,1396,87
0.01,0.01,0.95,3,0,0,0.803,0,0,0.011,12,28,2459,56,115,68,183,1429,88
0.01,0.01,0.95,4,0,0,1,1,14,0.012,2,30,2480,171,122,58,180,1415,88
0.01,0.01,0.95,5,0,0,1,1,14,0.001,5,26,2455,273,124,50,174,1425,88
0.01,0.01,0.95,6,0,0,0.959,0,0,0.006,6,23,2502,479,125,52,177,1410,88
0.01,0.01,0.95,7,0,0,0.573,0,0,0.016,51,28,2852,427,124,55,179,1400,88
0.01,0.01,0.95,3,0,0,1,0,0,0.003,2,13,2978,72,92,37,129,1447,89
0.01,0.01,0.95,4,0,0,0,0,0,0.016,0,28,3403,1,91,34,125,1454,89
0.01,0.01,0.95,5,0,0,0,0,0,0.004,0,13,3235,0,94,27,121,1451,89
0.01,0.01,0.95,6,0,0,0,0,0,0.003,0,10,3143,0,95,22,117,1444,89
0.01,0.01,0.95,7,0,0,0,0,0,0.002,0,7,3188,0,101,30,131,1435,89
0.01,0.01,0.95,3,4,55,1,0,0,0.006,2,25,3177,44,71,92,163,1480,90
0.01,0.01,0.95,4,1,14,1,0,0,0.011,0,30,3420,12,67,102,169,1475,90
0.01,0.01,0.95,5,0,0,0,0,0,0.02,0,42,3751,0,65,105,170,1473,90
0.01,0.01,0.95,6,0,0,0,0,0,0.01,0,32,3820,0,60,108,168,1481,90
0.01,0.01,0.95,7,0,0,0,0,0,0.001,0,21,4033,0,62,106,168,1473,90
0.01,0.01,0.95,3,0,0,0.458,0,0,0.025,24,56,3164,121,106,79,185,1440,91
0.01,0.01,0.95,4,0,0,0.774,0,0,0.014,25,39,3221,138,110,72,182,1450,91
0.01,0.01,0.95,5,0,0,0.753,0,0,0.009,18,27,3542,89,116,74,190,1431,91
0.01,0.01,0.95,6,0,0,0.563,0,0,0.003,8,25,3551,46,122,63,185,1448,91
0.01,0.01,0.95,7,0,0,0.831,0,0,0.01,13,25,3822,58,130,58,188,1452,91
0.01,0.01,0.95,3,0,0,0.533,0,0,0.034,16,64,3196,80,65,110,175,1461,92
0.01,0.01,0.95,4,0,0,0.627,0,0,0.007,22,22,3122,112,61,100,161,1444,92
0.01,0.01,0.95,5,0,0,0.774,0,0,0.008,24,24,3669,117,59,103,162,1470,92
0.01,0.01,0.95,6,0,0,0.796,0,0,0.005,24,21,3922,92,57,107,164,1456,92
0.01,0.01,0.95,7,0,0,0.719,0,0,0.01,9,34,3913,91,61,98,159,1461,92
0.01,0.01,0.95,3,0,0,0.816,0,0,0.009,32,38,3213,166,120,71,191,1485,93
0.01,0.01,0.95,4,0,0,0.754,0,0,0.006,41,38,3324,231,123,68,191,1494,93
0.01,0.01,0.95,5,0,0,0.574,0,0,0.009,47,41,3703,223,125,62,187,1526,93
0.01,0.01,0.95,6,0,0,0.599,0,0,0.01,36,26,4259,188,118,63,181,1533,93
0.01,0.01,0.95,7,0,0,0.481,1,13,0.01,38,36,3954,165,117,71,188,1525,93
0.01,0.01,0.95,3,0,0,0.128,0,0,0.016,9,33,3286,44,96,79,175,1426,94
0.01,0.01,0.95,4,0,0,0.679,0,0,0.004,7,23,3379,32,82,71,153,1448,94
0.01,0.01,0.95,5,0,0,1,0,0,0,1,16,3190,72,77,66,143,1444,94
0.01,0.01,0.95,6,0,0,1,0,0,0.012,0,32,3084,27,89,67,156,1424,94
0.01,0.01,0.95,7,0,0,0,0,0,0.005,0,42,3255,0,90,67,157,1434,94
0.01,0.01,0.95,3,0,0,0.725,3,42,0.021,6,34,2869,180,64,86,150,1416,95
0.01,0.01,0.95,4,0,0,1,4,57,0.01,1,37,3317,9,71,79,150,1432,95
0.01,0.01,0.95,5,0,0,0,0,0,0.018,0,28,3719,0,70,79,149,1434,95
0.01,0.01,0.95,6,0,0,0,3,42,0.021,0,25,3241,0,73,77,150,1444,95
0.01,0.01,0.95,7,0,0,0,3,43,0.004,0,27,3235,0,71,85,156,1441,95
0.01,0.01,0.95,3,0,0,0.718,0,0,0.011,19,25,3912,127,51,108,159,1469,96
0.01,0.01,0.95,4,0,0,0.779,0,0,0.011,24,41,4109,128,53,113,166,1461,96
0.01,0.01,0.95,5,0,0,0.893,0,0,0.02,18,45,4067,120,49,123,172,1464,96
0.01,0.01,0.95,6,0,0,0.992,0,0,0.011,4,36,3947,64,50,111,161,1472,96
0.01,0.01,0.95,7,0,0,1,0,0,0.001,1,13,3725,18,51,106,157,1467,96
0.01,0.01,0.95,3,0,0,0.7,0,0,0.013,27,45,2930,216,108,106,214,1537,97
0.01,0.01,0.95,4,0,0,0.585,0,0,0.007,21,49,3050,65,105,109,214,1518,97
0.01,0.01,0.95,5,0,0,0.861,0,0,0.024,25,40,3372,78,93,110,203,1536,97
0.01,0.01,0.95,6,0,0,0.399,0,0,0.009,34,33,3494,58,101,102,203,1538,97
0.01,0.01,0.95,7,0,0,0.721,0,0,0.005,17,49,3441,133,98,108,206,1527,97
0.01,0.01,0.95,3,3,37,0.977,12,147,0.005,7,28,2919,56,108,70,178,1467,98
0.01,0.01,0.95,4,0,0,1,8,98,0.004,0,30,3242,18,113,71,184,1465,98
0.01,0.01,0.95,5,0,0,0,5,61,0.021,0,52,3335,2,108,73,181,1449,98
0.01,0.01,0.95,6,0,0,0,3,36,0.008,0,30,3430,0,120,57,177,1449,98
0.01,0.01,0.95,7,0,0,0,9,108,0.016,0,57,3434,0,124,53,177,1464,98
0.01,0.01,0.95,3,0,0,1,9,118,0.022,1,43,2636,13,112,61,173,1440,99
0.01,0.01,0.95,4,0,0,0,4,53,0.003,0,29,2840,0,105,63,168,1447,99
0.01,0.01,0.95,5,0,0,0,5,66,0.031,0,35,2819,0,104,63,167,1426,99
0.01,0.01,0.95,6,0,0,0,9,118,0.026,0,65,3367,0,102,66,168,1430,99
0.01,0.01,0.95,7,0,0,0,6,78,0.027,0,50,3109,0,108,64,172,1432,99
0.01,0.01,0.95,3,0,0,0.8,0,0,0.007,9,28,3213,85,87,93,180,1446,100
0.01,0.01,0.95,4,0,0,0.815,0,0,0.002,24,26,3605,261,82,83,165,1435,100
0.01,0.01,0.95,5,1,14,0.611,0,0,0.019,35,30,3356,288,79,96,175,1441,100
0.01,0.01,0.95,6,3,41,0.508,0,0,0.02,36,45,3205,165,80,85,165,1442,100
0.01,0.01,0.95,7,1,14,0.998,0,0,0.01,17,32,3491,98,87,82,169,1440,100
